﻿<?xml version="1.0" encoding="utf-8"?>

<!--==================================================
     Copyright 2018 Dyllin Edward Reid Black

===================================================-->

<!--This file is EXTREMELY temporary until custom ship design and shipsets are implemented.
Once shipsets are more properly implemented, this file will only reference graphics, and
probably be called something more accurate.-->

<ShipDefs>

  <ShipTemplate>
    <graphicName>BasicShip</graphicName>
    <graphicPath>Textures/Ships/BasicShip</graphicPath>
    <movementSpeed>10</movementSpeed>
  </ShipTemplate>

</ShipDefs>