﻿<?xml version="1.0" encoding="utf-8"?>

<!--==================================================
     Copyright 2018 Dyllin Edward Reid Black

===================================================-->

<!--This file contains the definitions for various graphics of stellar objects such as
stars and other things that basically serve as the "tiles" of Scramble.-->

<StellarObjectDefs>

  <StellarObjectTemplate>
    <graphicName>StellarObject_Star</graphicName>
    <graphicPath>Textures/StellarObjects/Star</graphicPath>
  </StellarObjectTemplate>

  <StellarObjectTemplate>
    <graphicName>StellarObject_EmptySpace</graphicName>
    <graphicPath>Textures/StellarObjects/EmptySpace</graphicPath>
  </StellarObjectTemplate>

  <StellarObjectTemplate>
    <graphicName>StellarObject_Planet</graphicName>
    <graphicPath>Textures/StellarObjects/Planet</graphicPath>
  </StellarObjectTemplate>

  <StellarObjectTemplate>
    <graphicName>StellarObject_Moon</graphicName>
    <graphicPath>Textures/StellarObjects/Moon</graphicPath>
  </StellarObjectTemplate>


</StellarObjectDefs>